{
  "checkpoint_path": "experiments\\learner\\recovery_q.pt",
  "num_episodes": 50,
  "final_reward_mean_last_10": 0.012469473585439617,
  "final_anc_mean_last_10": 0.9003615702479338,
  "num_updates": 0,
  "validation_history": [
    {
      "final_anc_mean": 0.33563379501385043,
      "final_anc_stderr": 0.1917863407975643,
      "threshold_hit_mean": 0.5,
      "rounds_mean": 3.6666666666666665,
      "episode": 20
    },
    {
      "final_anc_mean": 0.33553264531840665,
      "final_anc_stderr": 0.19181548170336205,
      "threshold_hit_mean": 0.3333333333333333,
      "rounds_mean": 3.6666666666666665,
      "episode": 40
    }
  ]
}