{
  "rl": {
    "final_anc_mean": 0.3726061903307828,
    "final_anc_stderr": 0.10769064135846529,
    "threshold_hit_mean": 0.6111111111111112,
    "rounds_mean": 3.8333333333333335,
    "solved_fraction_mean": 0.3333333333333333,
    "b_star": null
  },
  "random": {
    "final_anc_mean": 0.284068662705539,
    "final_anc_stderr": 0.10465597332892734,
    "threshold_hit_mean": 0.6111111111111112,
    "rounds_mean": 4.055555555555555,
    "solved_fraction_mean": 0.2777777777777778,
    "b_star": null
  },
  "degree": {
    "final_anc_mean": 0.7420168266032037,
    "final_anc_stderr": 0.0870581679702096,
    "threshold_hit_mean": 0.7222222222222222,
    "rounds_mean": 3.2777777777777777,
    "solved_fraction_mean": 0.6111111111111112,
    "b_star": 5
  },
  "risk": {
    "final_anc_mean": 0.301658579880001,
    "final_anc_stderr": 0.10216048109224896,
    "threshold_hit_mean": 0.6111111111111112,
    "rounds_mean": 3.9444444444444446,
    "solved_fraction_mean": 0.2777777777777778,
    "b_star": null
  },
  "greedy": {
    "final_anc_mean": 0.7755565064239457,
    "final_anc_stderr": 0.07912113339749537,
    "threshold_hit_mean": 0.7222222222222222,
    "rounds_mean": 3.2222222222222223,
    "solved_fraction_mean": 0.6111111111111112,
    "b_star": 4
  },
  "betweenness": {
    "final_anc_mean": 0.7424101812239636,
    "final_anc_stderr": 0.08687925594377416,
    "threshold_hit_mean": 0.7222222222222222,
    "rounds_mean": 3.2777777777777777,
    "solved_fraction_mean": 0.6111111111111112,
    "b_star": 5
  }
}