{
  "checkpoint": "experiments\\learner\\recovery_q.pt",
  "config": "config\\default.yaml",
  "policies": [
    "random",
    "degree",
    "risk",
    "greedy",
    "betweenness"
  ],
  "random": {
    "final_anc_mean": 0.676652970325843,
    "final_anc_stderr": 0.09844336214896324,
    "threshold_hit_mean": 0.8333333333333334,
    "rounds_mean": 3.2777777777777777,
    "solved_fraction_mean": 0.5555555555555556,
    "b_star": null
  },
  "degree": {
    "final_anc_mean": 0.9897676031911203,
    "final_anc_stderr": 0.009944102260257628,
    "threshold_hit_mean": 1.0,
    "rounds_mean": 2.388888888888889,
    "solved_fraction_mean": 0.9444444444444444,
    "b_star": 4
  },
  "risk": {
    "final_anc_mean": 0.7417623588418787,
    "final_anc_stderr": 0.07881906899143061,
    "threshold_hit_mean": 0.8333333333333334,
    "rounds_mean": 3.611111111111111,
    "solved_fraction_mean": 0.5555555555555556,
    "b_star": 4
  },
  "greedy": {
    "final_anc_mean": 0.7964281925984639,
    "final_anc_stderr": 0.06331377594409038,
    "threshold_hit_mean": 0.9444444444444444,
    "rounds_mean": 3.7777777777777777,
    "solved_fraction_mean": 0.6111111111111112,
    "b_star": 4
  },
  "betweenness": {
    "final_anc_mean": 0.9897676031911203,
    "final_anc_stderr": 0.009944102260257628,
    "threshold_hit_mean": 1.0,
    "rounds_mean": 2.4444444444444446,
    "solved_fraction_mean": 0.9444444444444444,
    "b_star": 4
  },
  "scaling": {
    "scale_budget": true,
    "scale_max_rounds": false,
    "reference_budget": 4,
    "reference_n": 40,
    "beta": 0.1
  }
}