{
  "checkpoint": "experiments\\curriculum_easy\\recovery_q.pt",
  "grid_source": "training",
  "env": {
    "capacity_noise": 0.0,
    "failure_bias": "uniform",
    "action_space": "failed",
    "obs_hops": null
  },
  "grid_spec": {
    "alpha_values": [
      0.2
    ],
    "pfail_values": [
      0.08,
      0.1
    ],
    "budgets": [
      2
    ],
    "num_graphs": 30,
    "seeds": [
      0,
      1,
      2,
      3,
      4
    ],
    "max_rounds": 5,
    "graph_seed": 1007,
    "n_range": [
      30,
      50
    ],
    "m": 2
  },
  "tau": 0.8,
  "cells": [
    {
      "alpha": 0.2,
      "pfail": 0.08,
      "budget": 2,
      "diagnostics": {
        "regime_label": "decision-sensitive",
        "interesting_for_rl": true,
        "interestingness_score": 0.4461146271713248,
        "final_anc_spread": 0.30154291597840194,
        "threshold_hit_spread": 0.11333333333333329,
        "rounds_spread": 0.54,
        "mean_final_anc": 0.5338412613305675,
        "mean_threshold_hit": 0.6855555555555556,
        "budget_sensitivity": 0.0,
        "best_policy": "degree",
        "worst_policy": "risk",
        "best_heuristic": "degree",
        "best_heuristic_final_anc": 0.7021623133005542,
        "rl_vs_best_heuristic_gap": -0.16409215545698275
      },
      "policy_summaries": {
        "rl": {
          "final_anc": {
            "mean": 0.5380701578435715,
            "stderr": 0.03818405315622241
          },
          "total_reward": {
            "mean": 0.2162666966150828,
            "stderr": 0.012448579783307243
          },
          "steps": {
            "mean": 6.253333333333333,
            "stderr": 0.33495428101514146
          },
          "rounds": {
            "mean": 3.2933333333333334,
            "stderr": 0.15621827085250992
          },
          "solved_fraction": {
            "mean": 0.49333333333333335,
            "stderr": 0.04082120001139568
          },
          "threshold_hit_fraction": {
            "mean": 0.6866666666666666,
            "stderr": 0.037873082398589775
          },
          "threshold_step": {
            "mean": 0.23300970873786409,
            "stderr": 0.08596908770561729
          },
          "threshold_round": {
            "mean": 0.13592233009708737,
            "stderr": 0.051462801732591705
          }
        },
        "random": {
          "final_anc": {
            "mean": 0.44526283760842444,
            "stderr": 0.04015110445762562
          },
          "total_reward": {
            "mean": 0.10040282915289728,
            "stderr": 0.005038355694823572
          },
          "steps": {
            "mean": 6.366666666666666,
            "stderr": 0.34362986116093214
          },
          "rounds": {
            "mean": 3.32,
            "stderr": 0.16008886421123877
          },
          "solved_fraction": {
            "mean": 0.44,
            "stderr": 0.04052982440952177
          },
          "threshold_hit_fraction": {
            "mean": 0.64,
            "stderr": 0.039191835884530846
          },
          "threshold_step": {
            "mean": 0.020833333333333332,
            "stderr": 0.02072454233734952
          },
          "threshold_round": {
            "mean": 0.010416666666666666,
            "stderr": 0.01036227116867476
          }
        },
        "degree": {
          "final_anc": {
            "mean": 0.7021623133005542,
            "stderr": 0.03480022748554875
          },
          "total_reward": {
            "mean": 0.2104377205910777,
            "stderr": 0.01227871143642156
          },
          "steps": {
            "mean": 5.486666666666666,
            "stderr": 0.3140752445820257
          },
          "rounds": {
            "mean": 2.953333333333333,
            "stderr": 0.14737304643256452
          },
          "solved_fraction": {
            "mean": 0.6466666666666666,
            "stderr": 0.03902895411434003
          },
          "threshold_hit_fraction": {
            "mean": 0.7533333333333333,
            "stderr": 0.035196801201456004
          },
          "threshold_step": {
            "mean": 0.5221238938053098,
            "stderr": 0.13600554706037432
          },
          "threshold_round": {
            "mean": 0.2920353982300885,
            "stderr": 0.07475798625302407
          }
        },
        "risk": {
          "final_anc": {
            "mean": 0.4006193973221523,
            "stderr": 0.03889399967189094
          },
          "total_reward": {
            "mean": 0.14520763247008897,
            "stderr": 0.007910125231959941
          },
          "steps": {
            "mean": 6.746666666666667,
            "stderr": 0.34360011210277136
          },
          "rounds": {
            "mean": 3.493333333333333,
            "stderr": 0.16048445176794934
          },
          "solved_fraction": {
            "mean": 0.38666666666666666,
            "stderr": 0.039762256437946744
          },
          "threshold_hit_fraction": {
            "mean": 0.64,
            "stderr": 0.039191835884530846
          },
          "threshold_step": {
            "mean": 0.03125,
            "stderr": 0.031086813506024276
          },
          "threshold_round": {
            "mean": 0.020833333333333332,
            "stderr": 0.02072454233734952
          }
        },
        "greedy": {
          "final_anc": {
            "mean": 0.4253753882686158,
            "stderr": 0.03900158663650556
          },
          "total_reward": {
            "mean": 0.21404247061813222,
            "stderr": 0.011907881183617495
          },
          "steps": {
            "mean": 6.64,
            "stderr": 0.3421864339151328
          },
          "rounds": {
            "mean": 3.44,
            "stderr": 0.1598554902960101
          },
          "solved_fraction": {
            "mean": 0.4066666666666667,
            "stderr": 0.040107263588938506
          },
          "threshold_hit_fraction": {
            "mean": 0.6466666666666666,
            "stderr": 0.03902895411434003
          },
          "threshold_step": {
            "mean": 0.061855670103092786,
            "stderr": 0.0432853021869577
          },
          "threshold_round": {
            "mean": 0.041237113402061855,
            "stderr": 0.02885686812463846
          }
        },
        "betweenness": {
          "final_anc": {
            "mean": 0.6915574736400865,
            "stderr": 0.034946445055691215
          },
          "total_reward": {
            "mean": 0.21600371440764474,
            "stderr": 0.012500557562420862
          },
          "steps": {
            "mean": 5.66,
            "stderr": 0.3195594189227134
          },
          "rounds": {
            "mean": 3.026666666666667,
            "stderr": 0.14935317328523814
          },
          "solved_fraction": {
            "mean": 0.62,
            "stderr": 0.0396316371938716
          },
          "threshold_hit_fraction": {
            "mean": 0.7466666666666667,
            "stderr": 0.03551108329855677
          },
          "threshold_step": {
            "mean": 0.48214285714285715,
            "stderr": 0.13242136604465005
          },
          "threshold_round": {
            "mean": 0.26785714285714285,
            "stderr": 0.07251642897196112
          }
        }
      }
    },
    {
      "alpha": 0.2,
      "pfail": 0.1,
      "budget": 2,
      "diagnostics": {
        "regime_label": "decision-sensitive",
        "interesting_for_rl": true,
        "interestingness_score": 0.4751977345075722,
        "final_anc_spread": 0.29948903633949775,
        "threshold_hit_spread": 0.1133333333333334,
        "rounds_spread": 0.47333333333333316,
        "mean_final_anc": 0.3795525405829809,
        "mean_threshold_hit": 0.5244444444444444,
        "budget_sensitivity": 0.0,
        "best_policy": "degree",
        "worst_policy": "random",
        "best_heuristic": "degree",
        "best_heuristic_final_anc": 0.5462208106519905,