{
  "metadata": {
    "generated_by": "map_regime_comprehensive.py",
    "master_seed": 2026,
    "timestamp": "2026-03-31T19:11:56.961763+00:00",
    "n_graphs": 10,
    "n_seeds": 3,
    "total_instances": 2430,
    "grid": {
      "alpha_values": [
        0.05,
        0.1,
        0.15
      ],
      "pfail_values": [
        0.05,
        0.1,
        0.15
      ],
      "budget_values": [
        1,
        2,
        3
      ],
      "graph_n_range": [
        30,
        50
      ],
      "graph_m": 2,
      "max_rounds": 5,
      "reference_n": 40,
      "n_graphs": 10,
      "n_seeds": 3
    },
    "thresholds": {
      "delta_h": 0.3,
      "delta_t": 0.8,
      "delta_s": 0.15,
      "min_ds_frac": 0.5
    }
  },
  "budgets": [
    {
      "budget_ref": 1,
      "n_cells_ds": 0,
      "n_cells_trivial": 0,
      "n_cells_hopeless": 7,
      "n_cells_mixed": 2,
      "mean_f_ds": 0.07037037037037036,
      "std_f_ds": 0.05543196128553988,
      "mean_interestingness": 0.04325230700551083,
      "std_interestingness": 0.0359815305572668,
      "mean_feasibility_ratio": 8.042222222222225,
      "frac_infeasible_cells": 1.0
    },
    {
      "budget_ref": 2,
      "n_cells_ds": 0,
      "n_cells_trivial": 3,
      "n_cells_hopeless": 3,
      "n_cells_mixed": 3,
      "mean_f_ds": 0.28148148148148144,
      "std_f_ds": 0.08764562641629062,
      "mean_interestingness": 0.23133879792137252,
      "std_interestingness": 0.07187733104556111,
      "mean_feasibility_ratio": 4.021111111111113,
      "frac_infeasible_cells": 1.0
    },
    {
      "budget_ref": 3,
      "n_cells_ds": 3,
      "n_cells_trivial": 6,
      "n_cells_hopeless": 0,
      "n_cells_mixed": 0,
      "mean_f_ds": 0.34444444444444444,
      "std_f_ds": 0.19436506316151,
      "mean_interestingness": 0.2970590118561145,
      "std_interestingness": 0.1622219673948018,
      "mean_feasibility_ratio": 2.559074074074074,
      "frac_infeasible_cells": 1.0
    }
  ]
}