{
  "alpha": 0.25,
  "pfail": 0.2,
  "budget_ref": 2,
  "max_rounds_ref": 20,
  "horizon_rounds": 25,
  "scale_budget": true,
  "scale_max_rounds": true,
  "reference_n": 40,
  "m": 2,
  "n_range": [
    30,
    50
  ],
  "num_graphs": 30,
  "seeds": [
    0,
    1,
    2,
    3,
    4,
    5,
    6,
    7,
    8,
    9
  ],
  "graph_seed": 1234,
  "rl_included": true,
  "checkpoint_path": "experiments/learner/recovery_q.pt",
  "policies": [
    "rl",
    "random",
    "degree",
    "risk",
    "greedy",
    "betweenness",
    "passive"
  ],
  "curves_mean": {
    "rl": [
      0.6021795937105618,
      0.5666329977665853,
      0.6103504627357969,
      0.6727399899681219,
      0.7326761554620174,
      0.7823903732078152,
      0.823365601377808,
      0.8576196396743302,
      0.8856269198451553,
      0.9100338530335532,
      0.9310312249138359,
      0.9473634693028092,
      0.9598409132383406,
      0.9692424836139328,
      0.9768047384076258,
      0.9834152853233142,
      0.98865650509419,
      0.9924271155228275,
      0.9951173733279508,
      0.9968056274487916,
      0.9980193041370795,
      0.9988652696908307,
      0.9994451262272089,
      0.9995900537634409,
      0.9995900537634409,
      0.9995900537634409
    ],
    "random": [
      0.6021795937105618,
      0.38679392483159253,
      0.24169522523815026,
      0.18745040873137778,
      0.16855469266616055,
      0.16309645595723338,
      0.16282401173320085,
      0.16612479927195392,
      0.17312629254614795,
      0.18437247302991772,
      0.2001596624360603,
      0.22152564689215065,
      0.2510488683056123,
      0.29049753401308526,
      0.3405399045331647,
      0.39700842947406895,
      0.44654295543245504,
      0.4842744765008086,
      0.5235923373692847,
      0.5567036566546456,
      0.5896768993010378,
      0.6207911587899535,
      0.6509974349053866,
      0.6684784831844989,
      0.6849654029971356,
      0.6888973757862512
    ],
    "degree": [
      0.6021795937105618,
      0.5675968772076222,
      0.5950431078581027,
      0.641788335133818,
      0.6959281455073478,
      0.7467935005234084,
      0.7878717790106217,
      0.822373555999463,
      0.8526174138161734,
      0.8762346089351961,
      0.8971601147825895,
      0.9160989456589815,
      0.9313240543722248,
      0.9446167103048362,
      0.9558822333466578,
      0.9662370867579116,
      0.9750014219109676,
      0.9815050936409365,
      0.9866546005977052,
      0.9908913836786005,
      0.9939757774060034,
      0.9964734193340404,
      0.9980770334897823,
      0.998484834908222,
      0.9986237237971108,
      0.9986237237971108
    ],
    "risk": [
      0.6021795937105618,
      0.42295438295191007,
      0.3194706760749775,
      0.2861635403163171,
      0.29072972139933556,
      0.310430360134167,
      0.3352303371458519,
      0.36275113233208156,
      0.3902344891961631,
      0.42018533137778624,
      0.4516070878990575,
      0.4846781955924968,
      0.5217954397095474,
      0.5634338912891536,
      0.6056549532177069,
      0.6497432020635876,
      0.6902160072705965,
      0.722511044195098,
      0.7564671881260295,
      0.7851656715596438,
      0.8131575847760988,
      0.8391402033547151,
      0.8646148677398339,
      0.8799589394295644,
      0.8928339445163972,
      0.8971523118633359
    ],
    "greedy": [
      0.6021795937105618,
      0.6062043595087871,
      0.6573103249518114,
      0.725365682888541,
      0.7886463686535444,
      0.8365584425874873,
      0.8743581315007785,
      0.904902462992148,
      0.9293434185651295,
      0.9480912619727192,
      0.9624168963476498,
      0.973358402281623,
      0.9815556352345417,
      0.9876387650572068,
      0.9918219197717832,
      0.9948222070411439,
      0.9969388991960421,
      0.9979619734762591,
      0.9990337524908953,
      0.9998666666666667,
      1.0,
      1.0,
      1.0,
      1.0,
      1.0,
      1.0
    ],
    "betweenness": [
      0.6021795937105618,
      0.5606479354718605,
      0.5849275999145729,
      0.6239579190309319,
      0.6753106073498817,
      0.7231966839171666,
      0.7637981931617183,
      0.8005626435049533,
      0.8327208037776501,
      0.8596630740376865,
      0.8821890665740623,
      0.9027485368384899,
      0.9204235399407289,
      0.935829225385347,
      0.9492493744520755,
      0.9602759091732348,
      0.9707955031434098,
      0.9780549990176945,
      0.9840972323077205,
      0.9881964476498903,
      0.9911625757622792,
      0.993536369057805,
      0.9955971238776783,
      0.9967786142043055,
      0.9974390450433077,
      0.9974390450433077
    ],
    "passive": [
      0.6021795937105618,
      0.23729909874196256,
      0.09076833206545887,
      0.057016029500452044,
      0.05350565320056314,
      0.05349051741460792,
      0.05349051741460792,
      0.05349051741460792,
      0.05349051741460792,
      0.05349051741460792,
      0.05349051741460792,
      0.05349051741460792,
      0.05349051741460792,
      0.05349051741460792,
      0.05349051741460792,
      0.05349051741460792,
      0.05349051741460792,
      0.05349051741460792,
      0.05349051741460792,
      0.05349051741460792,
      0.05349051741460792,
      0.05349051741460792,
      0.05349051741460792,
      0.05349051741460792,
      0.05349051741460792,
      0.05349051741460792
    ]
  },
  "curves_stderr": {
    "rl": [
      0.008471077316222425,
      0.013136886358636475,
      0.015366170445081356,
      0.016153128710313686,
      0.01626767081626276,
      0.015623862771853025,
      0.014588489791434057,
      0.013352939459158686,
      0.012092734039603736,
      0.010802946546134624,
      0.00950121909624849,
      0.008336043207957552,
      0.007229810954213819,
      0.006113727292531975,
      0.005154899136782641,
      0.004140772815025568,
      0.003319625127316247,
      0.002687276948566882,
      0.002051055025705862,
      0.0014672392649486467,
      0.0010117410515994847,
      0.0006250588685184321,
      0.00043435296662221607,
      0.0004099462365591396,
      0.0004099462365591396,
      0.0004099462365591396
    ],
    "random": [
      0.008471077316222425,
      0.017760291787563772,
      0.020121139329182875,
      0.020599882186130847,
      0.02082774528954778,
      0.02088009830176146,
      0.02086022732990086,
      0.020837338085597828,
      0.020764062849584743,
      0.020621906280973205,
      0.020376410399088087,
      0.020073225294290536,
      0.019654805702694424,
      0.01919875356026676,
      0.0186903049147029,
      0.018282383714940297,
      0.017421345702024364,
      0.016239201334366415,
      0.015168603497841639,
      0.014114425446682819,
      0.013149605700133305,
      0.012217112815700095,
      0.011758058660210189,
      0.011452255049975915,
      0.011345518919931609,
      0.011365063734585802
    ],
    "degree": [
      0.008471077316222425,
      0.012868246763124156,
      0.015418322783504381,
      0.017169235562967414,
      0.01782656436121456,
      0.017432858085170873,
      0.016702843578754806,
      0.01579177069663958,
      0.014678039701162377,
      0.01347519376192395,
      0.012220747029339427,
      0.011006573909496168,
      0.00980273364686449,
      0.008619491449840063,
      0.0074574523961805144,
      0.0063514295889536086,
      0.005332430667782181,
      0.004405754064172037,
      0.0035630524425886182,
      0.0027950160546760124,
      0.0021154526695036473,
      0.001550973089519428,
      0.00113109691944311,
      0.0010569821494152737,
      0.0010484272662020316,
      0.0010484272662020316
    ],