{
  "rl": {
    "final_anc_mean": 0.8346027375306123,
    "final_anc_stderr": 0.07768475383114833,
    "threshold_hit_mean": 0.7777777777777778,
    "rounds_mean": 3.0,
    "solved_fraction_mean": 0.7222222222222222,
    "b_star": 3
  },
  "random": {
    "final_anc_mean": 0.4484989832837105,
    "final_anc_stderr": 0.11627386720219424,
    "threshold_hit_mean": 0.7777777777777778,
    "rounds_mean": 3.4444444444444446,
    "solved_fraction_mean": 0.4444444444444444,
    "b_star": 3
  },
  "degree": {
    "final_anc_mean": 0.9643311365475777,
    "final_anc_stderr": 0.024587984113425505,
    "threshold_hit_mean": 0.9444444444444444,
    "rounds_mean": 2.7777777777777777,
    "solved_fraction_mean": 0.8888888888888888,
    "b_star": 2
  },
  "risk": {
    "final_anc_mean": 0.6372476589530696,
    "final_anc_stderr": 0.10428619498020122,
    "threshold_hit_mean": 0.7777777777777778,
    "rounds_mean": 3.3333333333333335,
    "solved_fraction_mean": 0.5,
    "b_star": 3
  },
  "greedy": {
    "final_anc_mean": 0.9930627818244884,
    "final_anc_stderr": 0.006741764244242465,
    "threshold_hit_mean": 1.0,
    "rounds_mean": 2.7222222222222223,
    "solved_fraction_mean": 0.9444444444444444,
    "b_star": 2
  },
  "betweenness": {
    "final_anc_mean": 0.9672439168023361,
    "final_anc_stderr": 0.022258253396273263,
    "threshold_hit_mean": 0.8888888888888888,
    "rounds_mean": 2.7222222222222223,
    "solved_fraction_mean": 0.8888888888888888,
    "b_star": 2
  }
}