{
  "alpha": 0.1,
  "pfail": 0.2,
  "budget": 4,
  "diagnostics": {
    "regime_label": "decision-sensitive",
    "interesting_for_rl": true,
    "interestingness_score": 0.6762014643695629,
    "final_anc_spread": 0.6674377148733489,
    "threshold_hit_spread": 0.4633333333333334,
    "rounds_spread": 0.6299999999999999,
    "mean_final_anc": 0.6270876729236065,
    "mean_threshold_hit": 0.5559999999999999,
    "budget_sensitivity": 0.0,
    "best_policy": "degree",
    "worst_policy": "random",
    "best_heuristic": "degree",
    "best_heuristic_final_anc": 0.9154847780199604,
    "rl_vs_best_heuristic_gap": null
  },
  "policy_summaries": {
    "random": {
      "final_anc": {
        "mean": 0.24804706314661154,
        "stderr": 0.023558833585354006
      },
      "total_reward": {
        "mean": 0.4127261203525427,
        "stderr": 0.012477141863691624
      },
      "steps": {
        "mean": 16.983333333333334,
        "stderr": 0.36767915764014
      },
      "rounds": {
        "mean": 4.363333333333333,
        "stderr": 0.07784576393717876
      },
      "solved_fraction": {
        "mean": 0.21333333333333335,
        "stderr": 0.02365179501448901
      },
      "threshold_hit_fraction": {
        "mean": 0.35,
        "stderr": 0.02753785273643051
      },
      "threshold_step": {
        "mean": 2.2,
        "stderr": 0.29673965317885553
      },
      "threshold_round": {
        "mean": 0.8380952380952381,
        "stderr": 0.07751680034279633
      }
    },
    "degree": {
      "final_anc": {
        "mean": 0.9154847780199604,
        "stderr": 0.009425188857507823
      },
      "total_reward": {
        "mean": 0.6327734992094842,
        "stderr": 0.015330360500366267
      },
      "steps": {
        "mean": 13.62,
        "stderr": 0.34183621809281706
      },
      "rounds": {
        "mean": 3.7333333333333334,
        "stderr": 0.08004628290812388
      },
      "solved_fraction": {
        "mean": 0.7266666666666667,
        "stderr": 0.025730800105594736
      },
      "threshold_hit_fraction": {
        "mean": 0.8066666666666666,
        "stderr": 0.022800259907550437
      },
      "threshold_step": {
        "mean": 8.169421487603305,
        "stderr": 0.40752378941867096
      },
      "threshold_round": {
        "mean": 2.355371900826446,
        "stderr": 0.10367191454385778
      }
    },
    "risk": {
      "final_anc": {
        "mean": 0.5651220799137404,
        "stderr": 0.021202061168375936
      },
      "total_reward": {
        "mean": 0.6100098683957039,
        "stderr": 0.014512422631114786
      },
      "steps": {
        "mean": 16.04,
        "stderr": 0.37617253724558064
      },
      "rounds": {
        "mean": 4.19,
        "stderr": 0.08056536338761079
      },
      "solved_fraction": {
        "mean": 0.33666666666666667,
        "stderr": 0.027283830511997526
      },
      "threshold_hit_fraction": {
        "mean": 0.44333333333333336,
        "stderr": 0.028681520699391613
      },
      "threshold_step": {
        "mean": 4.834586466165414,
        "stderr": 0.54636159272796
      },
      "threshold_round": {
        "mean": 1.4887218045112782,
        "stderr": 0.13264510755401887
      }
    },
    "greedy": {
      "final_anc": {
        "mean": 0.49352560828147224,
        "stderr": 0.018503368196703222
      },
      "total_reward": {
        "mean": 0.7296892124193152,
        "stderr": 0.016220829966353222
      },
      "steps": {
        "mean": 16.85,
        "stderr": 0.3708286516558407
      },
      "rounds": {
        "mean": 4.34,
        "stderr": 0.07953475829961247
      },
      "solved_fraction": {
        "mean": 0.2,
        "stderr": 0.02309401076758503
      },
      "threshold_hit_fraction": {
        "mean": 0.36666666666666664,
        "stderr": 0.02782218672344203
      },
      "threshold_step": {
        "mean": 2.809090909090909,
        "stderr": 0.43512997099763845
      },
      "threshold_round": {
        "mean": 1.0,
        "stderr": 0.1098458724872234
      }
    },
    "betweenness": {
      "final_anc": {
        "mean": 0.9132588352562476,
        "stderr": 0.009520605610439763
      },
      "total_reward": {
        "mean": 0.6378140100144138,
        "stderr": 0.01544060838487853
      },
      "steps": {
        "mean": 13.823333333333334,
        "stderr": 0.3484192344905243
      },
      "rounds": {
        "mean": 3.763333333333333,
        "stderr": 0.08015240113313765
      },
      "solved_fraction": {
        "mean": 0.69,
        "stderr": 0.026702059845637376
      },
      "threshold_hit_fraction": {
        "mean": 0.8133333333333334,
        "stderr": 0.0224960901952778
      },
      "threshold_step": {
        "mean": 8.520491803278688,
        "stderr": 0.4235194729522594
      },
      "threshold_round": {
        "mean": 2.4508196721311477,
        "stderr": 0.10861891640672061
      }
    }
  }
}