{
  "alpha": 0.2,
  "pfail": 0.15,
  "budget": 4,
  "diagnostics": {
    "regime_label": "decision-sensitive",
    "interesting_for_rl": true,
    "interestingness_score": 0.32285855487511905,
    "final_anc_spread": 0.348114914845171,
    "threshold_hit_spread": 0.30000000000000004,
    "rounds_spread": 0.8266666666666667,
    "mean_final_anc": 0.8442874966350604,
    "mean_threshold_hit": 0.8406666666666667,
    "budget_sensitivity": 0.0,
    "best_policy": "betweenness",
    "worst_policy": "random",
    "best_heuristic": "betweenness",
    "best_heuristic_final_anc": 0.9952385062748699,
    "rl_vs_best_heuristic_gap": null
  },
  "policy_summaries": {
    "random": {
      "final_anc": {
        "mean": 0.6471235914296989,
        "stderr": 0.02631527443958981
      },
      "total_reward": {
        "mean": 0.40396091113390986,
        "stderr": 0.01325401740050437
      },
      "steps": {
        "mean": 11.353333333333333,
        "stderr": 0.41253345543343733
      },
      "rounds": {
        "mean": 3.1233333333333335,
        "stderr": 0.09524451962458794
      },
      "solved_fraction": {
        "mean": 0.6066666666666667,
        "stderr": 0.028202968060248683
      },
      "threshold_hit_fraction": {
        "mean": 0.69,
        "stderr": 0.026702059845637376
      },
      "threshold_step": {
        "mean": 2.502415458937198,
        "stderr": 0.23277550027587277
      },
      "threshold_round": {
        "mean": 0.9420289855072463,
        "stderr": 0.059029061975199866
      }
    },
    "degree": {
      "final_anc": {
        "mean": 0.9949841500971371,
        "stderr": 0.0019508070327567623
      },
      "total_reward": {
        "mean": 0.3826273783035663,
        "stderr": 0.011660531717712521
      },
      "steps": {
        "mean": 7.923333333333333,
        "stderr": 0.24808682769158477
      },
      "rounds": {
        "mean": 2.38,
        "stderr": 0.0636553218513582
      },
      "solved_fraction": {
        "mean": 0.9733333333333334,
        "stderr": 0.009301533127313933
      },
      "threshold_hit_fraction": {
        "mean": 0.99,
        "stderr": 0.005744562646538029
      },
      "threshold_step": {
        "mean": 4.0,
        "stderr": 0.23487111146929682
      },
      "threshold_round": {
        "mean": 1.3838383838383839,
        "stderr": 0.06530966148237123
      }
    },
    "risk": {
      "final_anc": {
        "mean": 0.8112241440273608,
        "stderr": 0.01870238866378876
      },
      "total_reward": {
        "mean": 0.47607541439505474,
        "stderr": 0.015866547952543494
      },
      "steps": {
        "mean": 11.026666666666667,
        "stderr": 0.40411476184462836
      },
      "rounds": {
        "mean": 3.066666666666667,
        "stderr": 0.09193395374861156
      },
      "solved_fraction": {
        "mean": 0.7066666666666667,
        "stderr": 0.02628617436910443
      },
      "threshold_hit_fraction": {
        "mean": 0.7866666666666666,
        "stderr": 0.02365179501448901
      },
      "threshold_step": {
        "mean": 3.652542372881356,
        "stderr": 0.31193775835098564
      },
      "threshold_round": {
        "mean": 1.2584745762711864,
        "stderr": 0.08053445732012958
      }
    },
    "greedy": {
      "final_anc": {
        "mean": 0.7728670913462352,
        "stderr": 0.018491771452227017
      },
      "total_reward": {
        "mean": 0.563170248001227,
        "stderr": 0.020005973299821025
      },
      "steps": {
        "mean": 11.696666666666667,
        "stderr": 0.4238107107170824
      },
      "rounds": {
        "mean": 3.2066666666666666,
        "stderr": 0.09690698098157305
      },
      "solved_fraction": {
        "mean": 0.6033333333333334,
        "stderr": 0.028244304571731636
      },
      "threshold_hit_fraction": {
        "mean": 0.7466666666666667,
        "stderr": 0.025110127807689838
      },
      "threshold_step": {
        "mean": 3.0,
        "stderr": 0.27374481637064096
      },
      "threshold_round": {
        "mean": 1.09375,
        "stderr": 0.07101319654280493
      }
    },
    "betweenness": {
      "final_anc": {
        "mean": 0.9952385062748699,
        "stderr": 0.002094065559851235
      },
      "total_reward": {
        "mean": 0.38806302099240847,
        "stderr": 0.011944082128333958
      },
      "steps": {
        "mean": 8.03,
        "stderr": 0.2542686680571469
      },
      "rounds": {
        "mean": 2.4166666666666665,
        "stderr": 0.06624170108747934
      },
      "solved_fraction": {
        "mean": 0.9766666666666667,
        "stderr": 0.008715673408461503
      },
      "threshold_hit_fraction": {
        "mean": 0.99,
        "stderr": 0.005744562646538029
      },
      "threshold_step": {
        "mean": 4.087542087542087,
        "stderr": 0.2399264301330377
      },
      "threshold_round": {
        "mean": 1.4141414141414141,
        "stderr": 0.0664981550576062
      }
    }
  }
}