{
  "alpha": 0.2,
  "pfail": 0.1,
  "budget": 4,
  "diagnostics": {
    "regime_label": "trivial",
    "interesting_for_rl": false,
    "interestingness_score": 0.06874941172064372,
    "final_anc_spread": 0.11042014822095025,
    "threshold_hit_spread": 0.053333333333333344,
    "rounds_spread": 0.3533333333333333,
    "mean_final_anc": 0.9736329892806111,
    "mean_threshold_hit": 0.9844444444444443,
    "budget_sensitivity": 0.0,
    "best_policy": "degree",
    "worst_policy": "random",
    "best_heuristic": "degree",
    "best_heuristic_final_anc": 1.0,
    "rl_vs_best_heuristic_gap": -0.002860359938282042
  },
  "policy_summaries": {
    "rl": {
      "final_anc": {
        "mean": 0.997139640061718,
        "stderr": 0.0020195956607429
      },
      "total_reward": {
        "mean": 0.24812861538208839,
        "stderr": 0.008383093978715528
      },
      "steps": {
        "mean": 5.033333333333333,
        "stderr": 0.17210031527721997
      },
      "rounds": {
        "mean": 1.6233333333333333,
        "stderr": 0.046480182953678305
      },
      "solved_fraction": {
        "mean": 0.9933333333333333,
        "stderr": 0.0046983054470813275
      },
      "threshold_hit_fraction": {
        "mean": 0.9933333333333333,
        "stderr": 0.0046983054470813275
      },
      "threshold_step": {
        "mean": 1.3691275167785235,
        "stderr": 0.11524273489454763
      },
      "threshold_round": {
        "mean": 0.6812080536912751,
        "stderr": 0.03923660715088566
      }
    },
    "random": {
      "final_anc": {
        "mean": 0.8895798517790497,
        "stderr": 0.01736684556775982
      },
      "total_reward": {
        "mean": 0.2789547529881743,
        "stderr": 0.011490297918510566
      },
      "steps": {
        "mean": 6.553333333333334,
        "stderr": 0.3282638956467573
      },
      "rounds": {
        "mean": 1.95,
        "stderr": 0.07819136070493266
      },
      "solved_fraction": {
        "mean": 0.8733333333333333,
        "stderr": 0.01920262327758217
      },
      "threshold_hit_fraction": {
        "mean": 0.9466666666666667,
        "stderr": 0.012972906239401265
      },
      "threshold_step": {
        "mean": 1.221830985915493,
        "stderr": 0.11162719617103393
      },
      "threshold_round": {
        "mean": 0.6232394366197183,
        "stderr": 0.0367087588468346
      }
    },
    "degree": {
      "final_anc": {
        "mean": 1.0,
        "stderr": 0.0
      },
      "total_reward": {
        "mean": 0.2454540963056782,
        "stderr": 0.007586059452705326
      },
      "steps": {
        "mean": 4.96,
        "stderr": 0.15309837070038043
      },
      "rounds": {
        "mean": 1.5966666666666667,
        "stderr": 0.04245215171443239
      },
      "solved_fraction": {
        "mean": 1.0,
        "stderr": 0.0
      },
      "threshold_hit_fraction": {
        "mean": 1.0,
        "stderr": 0.0
      },
      "threshold_step": {
        "mean": 1.34,
        "stderr": 0.10248685552574806
      },
      "threshold_round": {
        "mean": 0.6633333333333333,
        "stderr": 0.03511831852888597
      }
    },
    "risk": {
      "final_anc": {
        "mean": 0.9550784438428992,
        "stderr": 0.010170883812298468
      },
      "total_reward": {
        "mean": 0.2920546277569021,
        "stderr": 0.01317459951842665
      },
      "steps": {
        "mean": 6.16,
        "stderr": 0.29503898047546184
      },
      "rounds": {
        "mean": 1.87,
        "stderr": 0.07195137246779938
      },
      "solved_fraction": {
        "mean": 0.93,
        "stderr": 0.014730919862656235
      },
      "threshold_hit_fraction": {
        "mean": 0.9666666666666667,
        "stderr": 0.010363754503432016
      },
      "threshold_step": {
        "mean": 1.410344827586207,
        "stderr": 0.1449986250095634
      },
      "threshold_round": {
        "mean": 0.6724137931034483,
        "stderr": 0.043601169183402205
      }
    },
    "greedy": {
      "final_anc": {
        "mean": 1.0,
        "stderr": 0.0
      },
      "total_reward": {
        "mean": 0.24511112556183606,
        "stderr": 0.007956249140947313
      },
      "steps": {
        "mean": 4.913333333333333,
        "stderr": 0.15548299895153478
      },
      "rounds": {
        "mean": 1.6166666666666667,
        "stderr": 0.04458657828274067
      },
      "solved_fraction": {
        "mean": 1.0,
        "stderr": 0.0
      },
      "threshold_hit_fraction": {
        "mean": 1.0,
        "stderr": 0.0
      },
      "threshold_step": {
        "mean": 1.36,
        "stderr": 0.11170994186334136
      },
      "threshold_round": {
        "mean": 0.6866666666666666,
        "stderr": 0.03808567340245566
      }
    },
    "betweenness": {
      "final_anc": {
        "mean": 1.0,
        "stderr": 0.0
      },
      "total_reward": {
        "mean": 0.24802105933576324,
        "stderr": 0.007946955192235318
      },
      "steps": {
        "mean": 5.016666666666667,
        "stderr": 0.1628536038787484
      },
      "rounds": {
        "mean": 1.6166666666666667,
        "stderr": 0.04458657828274067
      },
      "solved_fraction": {
        "mean": 1.0,
        "stderr": 0.0
      },
      "threshold_hit_fraction": {
        "mean": 1.0,
        "stderr": 0.0
      },
      "threshold_step": {
        "mean": 1.39,
        "stderr": 0.11601580352118698
      },
      "threshold_round": {
        "mean": 0.6833333333333333,
        "stderr": 0.0378471585116691
      }
    }
  }
}