{
  "metadata": {
    "generated_by": "map_regime_comprehensive.py",
    "master_seed": 2026,
    "timestamp": "2026-03-31T22:05:44.043724+00:00",
    "n_graphs": 100,
    "n_seeds": 10,
    "total_instances": 1134000,
    "grid": {
      "alpha_values": [
        0.05,
        0.08,
        0.1,
        0.12,
        0.15,
        0.18,
        0.2,
        0.25,
        0.3
      ],
      "pfail_values": [
        0.05,
        0.08,
        0.1,
        0.12,
        0.15,
        0.18,
        0.2
      ],
      "budget_values": [
        1,
        2,
        3,
        4,
        5,
        6
      ],
      "graph_n_range": [
        30,
        50
      ],
      "graph_m": 2,
      "max_rounds": 5,
      "reference_n": 40,
      "n_graphs": 100,
      "n_seeds": 10
    },
    "thresholds": {
      "delta_h": 0.3,
      "delta_t": 0.8,
      "delta_s": 0.15,
      "min_ds_frac": 0.5
    }
  },
  "budgets": [
    {
      "budget_ref": 1,
      "n_cells_ds": 0,
      "n_cells_trivial": 8,
      "n_cells_hopeless": 44,
      "n_cells_mixed": 11,
      "mean_f_ds": 0.1431587301587301,
      "std_f_ds": 0.10766544394841701,
      "mean_interestingness": 0.11534524975611536,
      "std_interestingness": 0.09016935215616513,
      "mean_feasibility_ratio": 7.555177777777779,
      "frac_infeasible_cells": 1.0
    },
    {
      "budget_ref": 2,
      "n_cells_ds": 15,
      "n_cells_trivial": 19,
      "n_cells_hopeless": 12,
      "n_cells_mixed": 17,
      "mean_f_ds": 0.37523809523809537,
      "std_f_ds": 0.1543047607291281,
      "mean_interestingness": 0.3005699910313524,
      "std_interestingness": 0.12709367423525583,
      "mean_feasibility_ratio": 3.7775888888888893,
      "frac_infeasible_cells": 1.0
    },
    {
      "budget_ref": 3,
      "n_cells_ds": 27,
      "n_cells_trivial": 35,
      "n_cells_hopeless": 0,
      "n_cells_mixed": 1,
      "mean_f_ds": 0.3923650793650793,
      "std_f_ds": 0.24295471533021165,
      "mean_interestingness": 0.3282212022847932,
      "std_interestingness": 0.19347339570388766,
      "mean_feasibility_ratio": 2.487201058201058,
      "frac_infeasible_cells": 0.9841269841269841
    },
    {
      "budget_ref": 4,
      "n_cells_ds": 15,
      "n_cells_trivial": 48,
      "n_cells_hopeless": 0,
      "n_cells_mixed": 0,
      "mean_f_ds": 0.26830158730158726,
      "std_f_ds": 0.2454490303615335,
      "mean_interestingness": 0.23330536555630313,
      "std_interestingness": 0.21297884213294294,
      "mean_feasibility_ratio": 1.8324877248677247,
      "frac_infeasible_cells": 0.9682539682539683
    },
    {
      "budget_ref": 5,
      "n_cells_ds": 3,
      "n_cells_trivial": 60,
      "n_cells_hopeless": 0,
      "n_cells_mixed": 0,
      "mean_f_ds": 0.13528571428571426,
      "std_f_ds": 0.15935379710901534,
      "mean_interestingness": 0.11012454565997287,
      "std_interestingness": 0.1348833115666891,
      "mean_feasibility_ratio": 1.4349808465608465,
      "frac_infeasible_cells": 0.9365079365079365
    },
    {
      "budget_ref": 6,
      "n_cells_ds": 0,
      "n_cells_trivial": 63,
      "n_cells_hopeless": 0,
      "n_cells_mixed": 0,
      "mean_f_ds": 0.054904761904761915,
      "std_f_ds": 0.07868133726918425,
      "mean_interestingness": 0.03902003231283123,
      "std_interestingness": 0.05693612118183433,
      "mean_feasibility_ratio": 1.204078329554044,
      "frac_infeasible_cells": 0.873015873015873
    }
  ]
}